DishID,Day,Observed_Abundance,Temperature,Copepods,Population
1,0,25,20,0,20_NP_04
1,2,7,20,0,20_NP_04
1,3,20,20,0,20_NP_04
1,4,13,20,0,20_NP_04
1,7,1785,20,0,20_NP_04
1,8,3115,20,0,20_NP_04
1,9,1470,20,0,20_NP_04
1,11,2170,20,0,20_NP_04
1,15,9345,20,0,20_NP_04
1,18,8785,20,0,20_NP_04
2,0,25,20,0,20_NP_04
2,2,4,20,0,20_NP_04
2,3,24,20,0,20_NP_04
2,4,81,20,0,20_NP_04
2,7,1085,20,0,20_NP_04
2,8,805,20,0,20_NP_04
2,9,1575,20,0,20_NP_04
2,11,2275,20,0,20_NP_04
2,15,2345,20,0,20_NP_04
2,18,1365,20,0,20_NP_04
3,0,25,20,0,20_NP_04
3,2,19,20,0,20_NP_04
3,3,53,20,0,20_NP_04
3,4,54,20,0,20_NP_04
3,7,1750,20,0,20_NP_04
3,8,2030,20,0,20_NP_04
3,9,1960,20,0,20_NP_04
3,11,1155,20,0,20_NP_04
3,15,2205,20,0,20_NP_04
3,18,1610,20,0,20_NP_04
4,0,25,26,0,20_NP_04
4,2,6,26,0,20_NP_04
4,3,245,26,0,20_NP_04
4,4,2555,26,0,20_NP_04
4,7,2765,26,0,20_NP_04
4,8,3325,26,0,20_NP_04
4,9,3745,26,0,20_NP_04
4,11,6370,26,0,20_NP_04
4,15,8225,26,0,20_NP_04
4,18,12880,26,0,20_NP_04
5,0,25,26,0,20_NP_04
5,2,18,26,0,20_NP_04
5,3,315,26,0,20_NP_04
5,4,1225,26,0,20_NP_04
5,7,1470,26,0,20_NP_04
5,8,3010,26,0,20_NP_04
5,9,3360,26,0,20_NP_04
5,11,3325,26,0,20_NP_04
5,15,10675,26,0,20_NP_04
5,18,14490,26,0,20_NP_04
6,0,25,26,0,20_NP_04
6,2,16,26,0,20_NP_04
6,3,77,26,0,20_NP_04
6,4,1050,26,0,20_NP_04
6,7,2065,26,0,20_NP_04
6,8,2135,26,0,20_NP_04
6,9,1820,26,0,20_NP_04
6,11,5110,26,0,20_NP_04
6,15,8470,26,0,20_NP_04
6,18,12005,26,0,20_NP_04
7,0,25,20,0,20_NP_06
7,2,25,20,0,20_NP_06
7,3,58,20,0,20_NP_06
7,4,385,20,0,20_NP_06
7,7,665,20,0,20_NP_06
7,8,595,20,0,20_NP_06
7,9,735,20,0,20_NP_06
7,11,770,20,0,20_NP_06
7,15,25,20,0,20_NP_06
7,18,70,20,0,20_NP_06
8,0,25,20,0,20_NP_06
8,2,27,20,0,20_NP_06
8,3,77,20,0,20_NP_06
8,4,83,20,0,20_NP_06
8,7,910,20,0,20_NP_06
8,8,1260,20,0,20_NP_06
8,9,980,20,0,20_NP_06
8,11,1400,20,0,20_NP_06
8,15,105,20,0,20_NP_06
8,18,105,20,0,20_NP_06
9,0,25,20,0,20_NP_06
9,2,22,20,0,20_NP_06
9,3,51,20,0,20_NP_06
9,4,210,20,0,20_NP_06
9,7,945,20,0,20_NP_06
9,8,770,20,0,20_NP_06
9,9,1190,20,0,20_NP_06
9,11,700,20,0,20_NP_06
9,15,24,20,0,20_NP_06
9,18,45,20,0,20_NP_06
10,0,25,26,0,20_NP_06
10,2,92,26,0,20_NP_06
10,3,840,26,0,20_NP_06
10,4,1225,26,0,20_NP_06
10,7,18,26,0,20_NP_06
10,8,280,26,0,20_NP_06
10,9,175,26,0,20_NP_06
10,11,210,26,0,20_NP_06
10,15,770,26,0,20_NP_06
10,18,420,26,0,20_NP_06
11,0,25,26,0,20_NP_06
11,2,67,26,0,20_NP_06
11,3,79,26,0,20_NP_06
11,4,315,26,0,20_NP_06
11,7,280,26,0,20_NP_06
11,8,175,26,0,20_NP_06
11,9,105,26,0,20_NP_06
11,11,140,26,0,20_NP_06
11,15,280,26,0,20_NP_06
11,18,315,26,0,20_NP_06
12,0,25,26,0,20_NP_06
12,2,64,26,0,20_NP_06
12,3,245,26,0,20_NP_06
12,4,39,26,0,20_NP_06
12,7,245,26,0,20_NP_06
12,8,350,26,0,20_NP_06
12,9,245,26,0,20_NP_06
12,11,1050,26,0,20_NP_06
12,15,1330,26,0,20_NP_06
12,18,945,26,0,20_NP_06
13,0,25,20,0,20_NP_07
13,2,34,20,0,20_NP_07
13,3,66,20,0,20_NP_07
13,4,41,20,0,20_NP_07
13,7,595,20,0,20_NP_07
13,8,525,20,0,20_NP_07
13,9,560,20,0,20_NP_07
13,11,700,20,0,20_NP_07
13,15,1050,20,0,20_NP_07
13,18,1295,20,0,20_NP_07
14,0,25,20,0,20_NP_07
14,2,29,20,0,20_NP_07
14,3,43,20,0,20_NP_07
14,4,105,20,0,20_NP_07
14,7,385,20,0,20_NP_07
14,8,245,20,0,20_NP_07
14,9,595,20,0,20_NP_07
14,11,210,20,0,20_NP_07
14,15,245,20,0,20_NP_07
14,18,525,20,0,20_NP_07
15,0,25,20,0,20_NP_07
15,2,29,20,0,20_NP_07
15,3,44,20,0,20_NP_07
15,4,64,20,0,20_NP_07
15,7,94,20,0,20_NP_07
15,8,245,20,0,20_NP_07
15,9,210,20,0,20_NP_07
15,11,175,20,0,20_NP_07
15,15,665,20,0,20_NP_07
15,18,175,20,0,20_NP_07
16,0,25,26,0,20_NP_07
16,2,91,26,0,20_NP_07
16,3,210,26,0,20_NP_07
16,4,700,26,0,20_NP_07
16,7,455,26,0,20_NP_07
16,8,210,26,0,20_NP_07
16,9,455,26,0,20_NP_07
16,11,245,26,0,20_NP_07
16,15,2345,26,0,20_NP_07
16,18,350,26,0,20_NP_07
16,22,4830,26,0,20_NP_07
16,24,7910,26,0,20_NP_07
17,0,25,26,0,20_NP_07
17,2,69,26,0,20_NP_07
17,3,315,26,0,20_NP_07
17,4,350,26,0,20_NP_07
17,7,420,26,0,20_NP_07
17,8,1225,26,0,20_NP_07
17,9,1680,26,0,20_NP_07
17,11,4165,26,0,20_NP_07
17,15,4830,26,0,20_NP_07
17,18,5215,26,0,20_NP_07
17,22,6335,26,0,20_NP_07
18,0,25,26,0,20_NP_07
18,2,41,26,0,20_NP_07
18,3,245,26,0,20_NP_07
18,4,1085,26,0,20_NP_07
18,7,280,26,0,20_NP_07
18,8,595,26,0,20_NP_07
18,9,1260,26,0,20_NP_07
18,11,1575,26,0,20_NP_07
18,15,2310,26,0,20_NP_07
18,18,1400,26,0,20_NP_07
19,0,25,20,0,20_NP_08
19,2,17,20,0,20_NP_08
19,3,35,20,0,20_NP_08
19,4,25,20,0,20_NP_08
19,7,1610,20,0,20_NP_08
19,8,3815,20,0,20_NP_08
19,9,1750,20,0,20_NP_08
19,11,1960,20,0,20_NP_08
19,15,3850,20,0,20_NP_08
19,18,3465,20,0,20_NP_08
20,0,25,20,0,20_NP_08
20,2,12,20,0,20_NP_08
20,3,12,20,0,20_NP_08
20,4,70,20,0,20_NP_08
20,7,980,20,0,20_NP_08
20,8,735,20,0,20_NP_08
20,9,1365,20,0,20_NP_08
20,11,1085,20,0,20_NP_08
20,15,910,20,0,20_NP_08
20,18,1540,20,0,20_NP_08
21,0,25,20,0,20_NP_08
21,2,9,20,0,20_NP_08
21,3,14,20,0,20_NP_08
21,4,29,20,0,20_NP_08
21,7,840,20,0,20_NP_08
21,8,910,20,0,20_NP_08
21,9,1365,20,0,20_NP_08
21,11,770,20,0,20_NP_08
21,15,2800,20,0,20_NP_08
21,18,910,20,0,20_NP_08
22,0,25,26,0,20_NP_08
22,2,31,26,0,20_NP_08
22,3,47,26,0,20_NP_08
22,4,1610,26,0,20_NP_08
22,7,2695,26,0,20_NP_08
22,8,4095,26,0,20_NP_08
22,9,5425,26,0,20_NP_08
22,11,6790,26,0,20_NP_08
22,15,12180,26,0,20_NP_08
22,18,35525,26,0,20_NP_08
22,22,26425,26,0,20_NP_08
23,0,25,26,0,20_NP_08
23,2,16,26,0,20_NP_08
23,3,54,26,0,20_NP_08
23,4,1120,26,0,20_NP_08
23,7,1890,26,0,20_NP_08
23,8,1015,26,0,20_NP_08
23,9,980,26,0,20_NP_08
23,11,1715,26,0,20_NP_08
23,15,3080,26,0,20_NP_08
23,18,6965,26,0,20_NP_08
23,22,6405,26,0,20_NP_08
24,0,25,26,0,20_NP_08
24,2,8,26,0,20_NP_08
24,3,22,26,0,20_NP_08
24,4,735,26,0,20_NP_08
24,7,1855,26,0,20_NP_08
24,8,1610,26,0,20_NP_08
24,9,1960,26,0,20_NP_08
24,11,2520,26,0,20_NP_08
24,15,6230,26,0,20_NP_08
24,18,5600,26,0,20_NP_08
24,22,16345,26,0,20_NP_08
24,24,15085,26,0,20_NP_08
25,0,25,20,1,20_COP_02
25,2,45,20,1,20_COP_02
25,3,101,20,1,20_COP_02
25,4,805,20,1,20_COP_02
25,7,1715,20,1,20_COP_02
25,8,1610,20,1,20_COP_02
25,9,770,20,1,20_COP_02
25,11,1680,20,1,20_COP_02
25,15,1750,20,1,20_COP_02
25,18,1295,20,1,20_COP_02
26,0,25,20,1,20_COP_02
26,2,41,20,1,20_COP_02
26,3,123,20,1,20_COP_02
26,4,140,20,1,20_COP_02
26,7,980,20,1,20_COP_02
26,8,1470,20,1,20_COP_02
26,9,1120,20,1,20_COP_02
26,11,1155,20,1,20_COP_02
26,15,2135,20,1,20_COP_02
26,18,1575,20,1,20_COP_02
26,22,3360,20,1,20_COP_02
26,24,4270,20,1,20_COP_02
27,0,25,20,1,20_COP_02
27,2,22,20,1,20_COP_02
27,3,81,20,1,20_COP_02
27,4,280,20,1,20_COP_02
27,7,1715,20,1,20_COP_02
27,8,2240,20,1,20_COP_02
27,9,1330,20,1,20_COP_02
27,11,910,20,1,20_COP_02
27,15,2275,20,1,20_COP_02
27,18,2100,20,1,20_COP_02
27,22,4585,20,1,20_COP_02
27,24,9135,20,1,20_COP_02
28,0,25,26,1,20_COP_02
28,2,70,26,1,20_COP_02
28,3,1155,26,1,20_COP_02
28,4,1960,26,1,20_COP_02
28,7,1645,26,1,20_COP_02
28,8,2030,26,1,20_COP_02
28,9,1260,26,1,20_COP_02
28,11,3045,26,1,20_COP_02
28,15,3430,26,1,20_COP_02
28,18,3885,26,1,20_COP_02
28,22,4200,26,1,20_COP_02
28,24,1190,26,1,20_COP_02
29,0,25,26,1,20_COP_02
29,2,39,26,1,20_COP_02
29,3,1155,26,1,20_COP_02
29,4,595,26,1,20_COP_02
29,7,1225,26,1,20_COP_02
29,8,1645,26,1,20_COP_02
29,9,2030,26,1,20_COP_02
29,11,1750,26,1,20_COP_02
29,15,2905,26,1,20_COP_02
29,18,665,26,1,20_COP_02
29,22,1785,26,1,20_COP_02
30,0,25,26,1,20_COP_02
30,2,47,26,1,20_COP_02
30,3,1330,26,1,20_COP_02
30,4,1610,26,1,20_COP_02
30,7,2240,26,1,20_COP_02
30,8,2905,26,1,20_COP_02
30,9,2380,26,1,20_COP_02
30,11,1330,26,1,20_COP_02
30,15,2205,26,1,20_COP_02
30,18,2135,26,1,20_COP_02
31,0,25,20,1,20_COP_05
31,2,21,20,1,20_COP_05
31,3,20,20,1,20_COP_05
31,4,38,20,1,20_COP_05
31,7,525,20,1,20_COP_05
31,8,175,20,1,20_COP_05
31,9,350,20,1,20_COP_05
31,11,1890,20,1,20_COP_05
31,15,2625,20,1,20_COP_05
31,18,4935,20,1,20_COP_05
32,0,25,20,1,20_COP_05
32,2,27,20,1,20_COP_05
32,3,56,20,1,20_COP_05
32,4,77,20,1,20_COP_05
32,7,245,20,1,20_COP_05
32,8,70,20,1,20_COP_05
32,9,105,20,1,20_COP_05
32,11,420,20,1,20_COP_05
32,15,560,20,1,20_COP_05
32,18,735,20,1,20_COP_05
33,0,25,20,1,20_COP_05
33,2,27,20,1,20_COP_05
33,3,53,20,1,20_COP_05
33,4,140,20,1,20_COP_05
33,7,525,20,1,20_COP_05
33,8,945,20,1,20_COP_05
33,9,490,20,1,20_COP_05
33,11,315,20,1,20_COP_05
33,15,1155,20,1,20_COP_05
33,18,1470,20,1,20_COP_05
34,0,25,26,1,20_COP_05
34,2,80,26,1,20_COP_05
34,3,62,26,1,20_COP_05
34,4,315,26,1,20_COP_05
34,7,1050,26,1,20_COP_05
34,8,2730,26,1,20_COP_05
34,9,4060,26,1,20_COP_05
34,11,2415,26,1,20_COP_05
34,15,6650,26,1,20_COP_05
34,18,2485,26,1,20_COP_05
35,0,25,26,1,20_COP_05
35,2,49,26,1,20_COP_05
35,3,77,26,1,20_COP_05
35,4,245,26,1,20_COP_05
35,7,945,26,1,20_COP_05
35,8,3150,26,1,20_COP_05
35,9,2520,26,1,20_COP_05
35,11,2310,26,1,20_COP_05
35,15,7595,26,1,20_COP_05
35,18,3010,26,1,20_COP_05
35,22,5285,26,1,20_COP_05
36,0,25,26,1,20_COP_05
36,2,61,26,1,20_COP_05
36,3,72,26,1,20_COP_05
36,4,630,26,1,20_COP_05
36,7,1190,26,1,20_COP_05
36,8,2975,26,1,20_COP_05
36,9,3850,26,1,20_COP_05
36,11,3255,26,1,20_COP_05
36,15,9835,26,1,20_COP_05
36,18,7105,26,1,20_COP_05
36,22,4620,26,1,20_COP_05
37,0,25,20,1,20_COP_07
37,2,29,20,1,20_COP_07
37,3,74,20,1,20_COP_07
37,4,245,20,1,20_COP_07
37,7,1610,20,1,20_COP_07
37,8,1645,20,1,20_COP_07
37,9,2310,20,1,20_COP_07
37,11,2170,20,1,20_COP_07
37,15,1925,20,1,20_COP_07
37,18,1365,20,1,20_COP_07
38,0,25,20,1,20_COP_07
38,2,31,20,1,20_COP_07
38,3,71,20,1,20_COP_07
38,4,160,20,1,20_COP_07
38,7,2030,20,1,20_COP_07
38,8,2555,20,1,20_COP_07
38,9,2030,20,1,20_COP_07
38,11,1785,20,1,20_COP_07
38,15,2170,20,1,20_COP_07
38,18,700,20,1,20_COP_07
39,0,25,20,1,20_COP_07
39,2,28,20,1,20_COP_07
39,3,110,20,1,20_COP_07
39,4,455,20,1,20_COP_07
39,7,1435,20,1,20_COP_07
39,8,2555,20,1,20_COP_07
39,9,2240,20,1,20_COP_07
39,11,1260,20,1,20_COP_07
39,15,4165,20,1,20_COP_07
39,18,3920,20,1,20_COP_07
40,0,25,26,1,20_COP_07
40,2,56,26,1,20_COP_07
40,3,840,26,1,20_COP_07
40,4,4270,26,1,20_COP_07
40,7,2695,26,1,20_COP_07
40,8,2765,26,1,20_COP_07
40,9,840,26,1,20_COP_07
40,11,1330,26,1,20_COP_07
40,15,3430,26,1,20_COP_07
40,18,9415,26,1,20_COP_07
40,22,7875,26,1,20_COP_07
41,0,25,26,1,20_COP_07
41,2,42,26,1,20_COP_07
41,3,700,26,1,20_COP_07
41,4,1785,26,1,20_COP_07
41,7,1225,26,1,20_COP_07
41,8,2170,26,1,20_COP_07
41,9,1015,26,1,20_COP_07
41,11,1295,26,1,20_COP_07
41,15,805,26,1,20_COP_07
41,18,3500,26,1,20_COP_07
41,22,5950,26,1,20_COP_07
41,24,5600,26,1,20_COP_07
42,0,25,26,1,20_COP_07
42,2,21,26,1,20_COP_07
42,3,665,26,1,20_COP_07
42,4,1400,26,1,20_COP_07
42,7,2240,26,1,20_COP_07
42,8,2590,26,1,20_COP_07
42,9,2030,26,1,20_COP_07
42,11,1680,26,1,20_COP_07
42,15,2100,26,1,20_COP_07
42,18,6580,26,1,20_COP_07
43,0,25,20,1,20_COP_08
43,2,13,20,1,20_COP_08
43,3,22,20,1,20_COP_08
43,4,43,20,1,20_COP_08
43,7,2905,20,1,20_COP_08
43,8,2730,20,1,20_COP_08
43,9,2380,20,1,20_COP_08
43,11,3115,20,1,20_COP_08
43,15,4445,20,1,20_COP_08
43,18,3640,20,1,20_COP_08
43,22,3815,20,1,20_COP_08
44,0,25,20,1,20_COP_08
44,2,9,20,1,20_COP_08
44,3,32,20,1,20_COP_08
44,4,280,20,1,20_COP_08
44,7,1435,20,1,20_COP_08
44,8,2660,20,1,20_COP_08
44,9,1610,20,1,20_COP_08
44,11,910,20,1,20_COP_08
44,15,6615,20,1,20_COP_08
44,18,2835,20,1,20_COP_08
45,0,25,20,1,20_COP_08
45,2,8,20,1,20_COP_08
45,3,34,20,1,20_COP_08
45,4,630,20,1,20_COP_08
45,7,1260,20,1,20_COP_08
45,8,1750,20,1,20_COP_08
45,9,3220,20,1,20_COP_08
45,11,0,20,1,20_COP_08
45,15,3185,20,1,20_COP_08
45,18,3080,20,1,20_COP_08
46,0,25,26,1,20_COP_08
46,2,12,26,1,20_COP_08
46,3,805,26,1,20_COP_08
46,4,4445,26,1,20_COP_08
46,7,6510,26,1,20_COP_08
46,8,12635,26,1,20_COP_08
46,9,9555,26,1,20_COP_08
46,11,6545,26,1,20_COP_08
46,15,11690,26,1,20_COP_08
46,18,26740,26,1,20_COP_08
46,22,10465,26,1,20_COP_08
47,0,25,26,1,20_COP_08
47,2,38,26,1,20_COP_08
47,3,665,26,1,20_COP_08
47,4,3500,26,1,20_COP_08
47,7,2345,26,1,20_COP_08
47,8,4900,26,1,20_COP_08
47,9,2310,26,1,20_COP_08
47,11,1505,26,1,20_COP_08
47,15,3080,26,1,20_COP_08
47,18,3150,26,1,20_COP_08
48,0,25,26,1,20_COP_08
48,2,4,26,1,20_COP_08
48,3,805,26,1,20_COP_08
48,4,2975,26,1,20_COP_08
48,7,3640,26,1,20_COP_08
48,8,5705,26,1,20_COP_08
48,9,6475,26,1,20_COP_08
48,11,5180,26,1,20_COP_08
48,15,11725,26,1,20_COP_08
48,18,9240,26,1,20_COP_08
48,22,9450,26,1,20_COP_08
49,0,25,20,0,26_NP_02
49,2,13,20,0,26_NP_02
49,3,15,20,0,26_NP_02
49,4,30,20,0,26_NP_02
49,7,70,20,0,26_NP_02
49,8,455,20,0,26_NP_02
49,9,105,20,0,26_NP_02
49,11,910,20,0,26_NP_02
49,15,490,20,0,26_NP_02
49,18,105,20,0,26_NP_02
50,0,25,20,0,26_NP_02
50,2,23,20,0,26_NP_02
50,3,26,20,0,26_NP_02
50,4,23,20,0,26_NP_02
50,7,1785,20,0,26_NP_02
50,8,1330,20,0,26_NP_02
50,9,1540,20,0,26_NP_02
50,11,735,20,0,26_NP_02
50,15,840,20,0,26_NP_02
50,18,385,20,0,26_NP_02
51,0,25,20,0,26_NP_02
51,2,20,20,0,26_NP_02
51,3,49,20,0,26_NP_02
51,4,105,20,0,26_NP_02
51,7,455,20,0,26_NP_02
51,8,385,20,0,26_NP_02
51,9,525,20,0,26_NP_02
51,11,420,20,0,26_NP_02
51,15,630,20,0,26_NP_02
51,18,1,20,0,26_NP_02
52,0,25,26,0,26_NP_02
52,2,25,26,0,26_NP_02
52,3,77,26,0,26_NP_02
52,4,1085,26,0,26_NP_02
52,7,630,26,0,26_NP_02
52,8,490,26,0,26_NP_02
52,9,245,26,0,26_NP_02
52,11,805,26,0,26_NP_02
52,15,980,26,0,26_NP_02
52,18,455,26,0,26_NP_02
53,0,25,26,0,26_NP_02
53,2,12,26,0,26_NP_02
53,3,245,26,0,26_NP_02
53,4,525,26,0,26_NP_02
53,7,630,26,0,26_NP_02
53,8,420,26,0,26_NP_02
53,9,280,26,0,26_NP_02
53,11,875,26,0,26_NP_02
53,15,840,26,0,26_NP_02
53,18,1295,26,0,26_NP_02
53,22,770,26,0,26_NP_02
54,0,25,26,0,26_NP_02
54,2,11,26,0,26_NP_02
54,3,50,26,0,26_NP_02
54,4,910,26,0,26_NP_02
54,7,1400,26,0,26_NP_02
54,8,1400,26,0,26_NP_02
54,9,980,26,0,26_NP_02
54,11,5880,26,0,26_NP_02
54,15,315,26,0,26_NP_02
54,18,315,26,0,26_NP_02
55,0,25,20,0,26_NP_05
55,2,33,20,0,26_NP_05
55,3,47,20,0,26_NP_05
55,4,104,20,0,26_NP_05
55,7,2380,20,0,26_NP_05
55,8,5950,20,0,26_NP_05
55,9,4480,20,0,26_NP_05
55,11,5740,20,0,26_NP_05
55,15,4690,20,0,26_NP_05
55,18,4375,20,0,26_NP_05
56,0,25,20,0,26_NP_05
56,2,24,20,0,26_NP_05
56,3,48,20,0,26_NP_05
56,4,77,20,0,26_NP_05
56,7,2135,20,0,26_NP_05
56,8,3360,20,0,26_NP_05
56,9,2345,20,0,26_NP_05
56,11,1260,20,0,26_NP_05
56,15,4410,20,0,26_NP_05
56,18,3290,20,0,26_NP_05
57,0,25,20,0,26_NP_05
57,2,22,20,0,26_NP_05
57,3,53,20,0,26_NP_05
57,4,102,20,0,26_NP_05
57,7,2905,20,0,26_NP_05
57,8,2520,20,0,26_NP_05
57,9,5285,20,0,26_NP_05
57,11,3360,20,0,26_NP_05
57,15,4130,20,0,26_NP_05
57,18,2170,20,0,26_NP_05
58,0,25,26,0,26_NP_05
58,2,79,26,0,26_NP_05
58,3,1015,26,0,26_NP_05
58,4,3675,26,0,26_NP_05
58,7,2625,26,0,26_NP_05
58,8,3080,26,0,26_NP_05
58,9,5740,26,0,26_NP_05
58,11,6195,26,0,26_NP_05
58,15,9345,26,0,26_NP_05
58,18,4025,26,0,26_NP_05
59,0,25,26,0,26_NP_05
59,2,61,26,0,26_NP_05
59,3,420,26,0,26_NP_05
59,4,1015,26,0,26_NP_05
59,7,2310,26,0,26_NP_05
59,8,3850,26,0,26_NP_05
59,9,3710,26,0,26_NP_05
59,11,3430,26,0,26_NP_05
59,15,5285,26,0,26_NP_05
59,18,9800,26,0,26_NP_05
59,22,11410,26,0,26_NP_05
59,24,16205,26,0,26_NP_05
60,0,25,26,0,26_NP_05
60,2,64,26,0,26_NP_05
60,3,840,26,0,26_NP_05
60,4,2380,26,0,26_NP_05
60,7,3465,26,0,26_NP_05
60,8,4480,26,0,26_NP_05
60,9,4025,26,0,26_NP_05
60,11,2275,26,0,26_NP_05
60,15,7140,26,0,26_NP_05
60,18,6160,26,0,26_NP_05
60,22,6545,26,0,26_NP_05
61,0,25,20,0,26_NP_07
61,2,22,20,0,26_NP_07
61,3,65,20,0,26_NP_07
61,4,175,20,0,26_NP_07
61,7,1470,20,0,26_NP_07
61,8,2730,20,0,26_NP_07
61,9,3255,20,0,26_NP_07
61,11,2030,20,0,26_NP_07
61,15,3710,20,0,26_NP_07
61,18,3850,20,0,26_NP_07
62,0,25,20,0,26_NP_07
62,2,28,20,0,26_NP_07
62,3,88,20,0,26_NP_07
62,4,280,20,0,26_NP_07
62,7,2625,20,0,26_NP_07
62,8,3500,20,0,26_NP_07
62,9,2800,20,0,26_NP_07
62,11,2065,20,0,26_NP_07
62,15,5985,20,0,26_NP_07
62,18,9485,20,0,26_NP_07
62,22,9590,20,0,26_NP_07
63,0,25,20,0,26_NP_07
63,2,8,20,0,26_NP_07
63,3,83,20,0,26_NP_07
63,4,74,20,0,26_NP_07
63,7,2555,20,0,26_NP_07
63,8,2100,20,0,26_NP_07
63,9,2940,20,0,26_NP_07
63,11,4235,20,0,26_NP_07
63,15,4305,20,0,26_NP_07
63,18,4865,20,0,26_NP_07
64,0,25,26,0,26_NP_07
64,2,66,26,0,26_NP_07
64,3,595,26,0,26_NP_07
64,4,525,26,0,26_NP_07
64,7,2030,26,0,26_NP_07
64,8,2030,26,0,26_NP_07
64,9,2170,26,0,26_NP_07
64,11,5390,26,0,26_NP_07
64,15,11130,26,0,26_NP_07
64,18,9380,26,0,26_NP_07
65,0,25,26,0,26_NP_07
65,2,22,26,0,26_NP_07
65,3,595,26,0,26_NP_07
65,4,3150,26,0,26_NP_07
65,7,2590,26,0,26_NP_07
65,8,3640,26,0,26_NP_07
65,9,3360,26,0,26_NP_07
65,11,3570,26,0,26_NP_07
65,15,5705,26,0,26_NP_07
65,18,4340,26,0,26_NP_07
65,22,7070,26,0,26_NP_07
66,0,25,26,0,26_NP_07
66,2,57,26,0,26_NP_07
66,3,560,26,0,26_NP_07
66,4,2660,26,0,26_NP_07
66,7,1540,26,0,26_NP_07
66,8,2905,26,0,26_NP_07
66,9,4970,26,0,26_NP_07
66,11,4340,26,0,26_NP_07
66,15,8330,26,0,26_NP_07
66,18,5845,26,0,26_NP_07
66,22,7770,26,0,26_NP_07
67,0,25,20,0,26_NP_08
67,2,35,20,0,26_NP_08
67,3,99,20,0,26_NP_08
67,4,175,20,0,26_NP_08
67,7,5600,20,0,26_NP_08
67,8,1645,20,0,26_NP_08
67,9,2520,20,0,26_NP_08
67,11,1120,20,0,26_NP_08
67,15,1715,20,0,26_NP_08
67,18,1960,20,0,26_NP_08
68,0,25,20,0,26_NP_08
68,2,33,20,0,26_NP_08
68,3,61,20,0,26_NP_08
68,4,105,20,0,26_NP_08
68,7,1470,20,0,26_NP_08
68,8,1365,20,0,26_NP_08
68,9,1785,20,0,26_NP_08
68,11,1820,20,0,26_NP_08
68,15,1155,20,0,26_NP_08
68,18,595,20,0,26_NP_08
69,0,25,20,0,26_NP_08
69,2,28,20,0,26_NP_08
69,3,62,20,0,26_NP_08
69,4,210,20,0,26_NP_08
69,7,3045,20,0,26_NP_08
69,8,1715,20,0,26_NP_08
69,9,2625,20,0,26_NP_08
69,11,1330,20,0,26_NP_08
69,15,2205,20,0,26_NP_08
69,18,1050,20,0,26_NP_08
70,0,25,26,0,26_NP_08
70,2,83,26,0,26_NP_08
70,3,700,26,0,26_NP_08
70,4,1925,26,0,26_NP_08
70,7,1610,26,0,26_NP_08
70,8,3325,26,0,26_NP_08
70,9,2835,26,0,26_NP_08
70,11,3150,26,0,26_NP_08
70,15,3535,26,0,26_NP_08
70,18,2730,26,0,26_NP_08
71,0,25,26,0,26_NP_08
71,2,20,26,0,26_NP_08
71,3,175,26,0,26_NP_08
71,4,840,26,0,26_NP_08
71,7,1715,26,0,26_NP_08
71,8,2170,26,0,26_NP_08
71,9,2135,26,0,26_NP_08
71,11,2135,26,0,26_NP_08
71,15,4305,26,0,26_NP_08
71,18,3150,26,0,26_NP_08
72,0,25,26,0,26_NP_08
72,2,40,26,0,26_NP_08
72,3,875,26,0,26_NP_08
72,4,875,26,0,26_NP_08
72,7,2415,26,0,26_NP_08
72,8,3185,26,0,26_NP_08
72,9,4235,26,0,26_NP_08
72,11,4095,26,0,26_NP_08
72,15,3010,26,0,26_NP_08
72,18,3045,26,0,26_NP_08
73,0,25,20,1,26_COP_01
73,2,23,20,1,26_COP_01
73,3,39,20,1,26_COP_01
73,4,63,20,1,26_COP_01
73,7,1610,20,1,26_COP_01
73,8,1645,20,1,26_COP_01
73,9,2170,20,1,26_COP_01
73,11,1295,20,1,26_COP_01
73,15,2520,20,1,26_COP_01
73,18,1960,20,1,26_COP_01
74,0,25,20,1,26_COP_01
74,2,25,20,1,26_COP_01
74,3,35,20,1,26_COP_01
74,4,52,20,1,26_COP_01
74,7,1715,20,1,26_COP_01
74,8,2835,20,1,26_COP_01
74,9,1890,20,1,26_COP_01
74,11,2730,20,1,26_COP_01
74,15,2520,20,1,26_COP_01
74,18,1680,20,1,26_COP_01
75,0,25,20,1,26_COP_01
75,2,45,20,1,26_COP_01
75,3,48,20,1,26_COP_01
75,4,72,20,1,26_COP_01
75,7,2415,20,1,26_COP_01
75,8,3500,20,1,26_COP_01
75,9,3710,20,1,26_COP_01
75,11,5320,20,1,26_COP_01
75,15,3500,20,1,26_COP_01
75,18,2835,20,1,26_COP_01
76,0,25,26,1,26_COP_01
76,2,56,26,1,26_COP_01
76,3,106,26,1,26_COP_01
76,4,840,26,1,26_COP_01
76,7,1610,26,1,26_COP_01
76,8,2275,26,1,26_COP_01
76,9,1925,26,1,26_COP_01
76,11,1645,26,1,26_COP_01
76,15,1960,26,1,26_COP_01
76,18,1085,26,1,26_COP_01
77,0,25,26,1,26_COP_01
77,2,44,26,1,26_COP_01
77,3,595,26,1,26_COP_01
77,4,2100,26,1,26_COP_01
77,7,2730,26,1,26_COP_01
77,8,1295,26,1,26_COP_01
77,9,2415,26,1,26_COP_01
77,11,4165,26,1,26_COP_01
77,15,8890,26,1,26_COP_01
77,18,10745,26,1,26_COP_01
77,22,13930,26,1,26_COP_01
78,0,25,26,1,26_COP_01
78,2,16,26,1,26_COP_01
78,3,1,26,1,26_COP_01
78,4,13,26,1,26_COP_01
78,7,700,26,1,26_COP_01
78,8,3885,26,1,26_COP_01
78,9,6125,26,1,26_COP_01
78,11,5845,26,1,26_COP_01
78,15,19495,26,1,26_COP_01
78,18,22225,26,1,26_COP_01
78,22,28770,26,1,26_COP_01
78,24,29400,26,1,26_COP_01
79,0,25,20,1,26_COP_03
79,2,30,20,1,26_COP_03
79,3,79,20,1,26_COP_03
79,4,280,20,1,26_COP_03
79,7,1610,20,1,26_COP_03
79,8,1575,20,1,26_COP_03
79,9,1400,20,1,26_COP_03
79,11,700,20,1,26_COP_03
79,15,1925,20,1,26_COP_03
79,18,1820,20,1,26_COP_03
80,0,25,20,1,26_COP_03
80,2,47,20,1,26_COP_03
80,3,38,20,1,26_COP_03
80,4,630,20,1,26_COP_03
80,7,1715,20,1,26_COP_03
80,8,2170,20,1,26_COP_03
80,9,2065,20,1,26_COP_03
80,11,980,20,1,26_COP_03
80,15,700,20,1,26_COP_03
80,18,105,20,1,26_COP_03
81,0,25,20,1,26_COP_03
81,2,42,20,1,26_COP_03
81,3,76,20,1,26_COP_03
81,4,81,20,1,26_COP_03
81,7,2415,20,1,26_COP_03
81,8,840,20,1,26_COP_03
81,9,1330,20,1,26_COP_03
81,11,1785,20,1,26_COP_03
81,15,1470,20,1,26_COP_03
81,18,980,20,1,26_COP_03
82,0,25,26,1,26_COP_03
82,2,66,26,1,26_COP_03
82,3,1400,26,1,26_COP_03
82,4,910,26,1,26_COP_03
82,7,3150,26,1,26_COP_03
82,8,2345,26,1,26_COP_03
82,9,2380,26,1,26_COP_03
82,11,3325,26,1,26_COP_03
82,15,4375,26,1,26_COP_03
82,18,6370,26,1,26_COP_03
82,22,8015,26,1,26_COP_03
82,24,3220,26,1,26_COP_03
83,0,25,26,1,26_COP_03
83,2,39,26,1,26_COP_03
83,3,700,26,1,26_COP_03
83,4,1680,26,1,26_COP_03
83,7,2415,26,1,26_COP_03
83,8,3570,26,1,26_COP_03
83,9,3570,26,1,26_COP_03
83,11,4935,26,1,26_COP_03
83,15,6300,26,1,26_COP_03
83,18,6370,26,1,26_COP_03
83,22,5180,26,1,26_COP_03
84,0,25,26,1,26_COP_03
84,2,46,26,1,26_COP_03
84,3,1295,26,1,26_COP_03
84,4,2170,26,1,26_COP_03
84,7,1260,26,1,26_COP_03
84,8,2100,26,1,26_COP_03
84,9,2905,26,1,26_COP_03
84,11,2905,26,1,26_COP_03
84,15,5285,26,1,26_COP_03
84,18,3290,26,1,26_COP_03
85,0,25,20,1,26_COP_04
85,2,4,20,1,26_COP_04
85,3,0,20,1,26_COP_04
85,4,0,20,1,26_COP_04
85,7,0,20,1,26_COP_04
85,8,0,20,1,26_COP_04
85,9,0,20,1,26_COP_04
85,11,0,20,1,26_COP_04
85,15,0,20,1,26_COP_04
86,0,25,20,1,26_COP_04
86,2,2,20,1,26_COP_04
86,3,1,20,1,26_COP_04
86,4,0,20,1,26_COP_04
86,7,0,20,1,26_COP_04
86,8,0,20,1,26_COP_04
86,9,0,20,1,26_COP_04
86,11,0,20,1,26_COP_04
86,15,0,20,1,26_COP_04
87,0,25,20,1,26_COP_04
87,2,0,20,1,26_COP_04
87,3,0,20,1,26_COP_04
87,4,0,20,1,26_COP_04
87,7,0,20,1,26_COP_04
87,8,0,20,1,26_COP_04
87,9,0,20,1,26_COP_04
87,11,0,20,1,26_COP_04
87,15,0,20,1,26_COP_04
88,0,25,26,1,26_COP_04
88,2,1,26,1,26_COP_04
88,3,0,26,1,26_COP_04
88,4,0,26,1,26_COP_04
88,7,0,26,1,26_COP_04
88,8,0,26,1,26_COP_04
88,9,0,26,1,26_COP_04
88,11,0,26,1,26_COP_04
88,15,0,26,1,26_COP_04
89,0,25,26,1,26_COP_04
89,2,2,26,1,26_COP_04
89,3,0,26,1,26_COP_04
89,4,0,26,1,26_COP_04
89,7,0,26,1,26_COP_04
89,8,0,26,1,26_COP_04
89,9,0,26,1,26_COP_04
89,11,0,26,1,26_COP_04
89,15,0,26,1,26_COP_04
90,0,25,26,1,26_COP_04
90,2,0,26,1,26_COP_04
90,3,0,26,1,26_COP_04
90,4,0,26,1,26_COP_04
90,7,0,26,1,26_COP_04
90,8,0,26,1,26_COP_04
90,9,0,26,1,26_COP_04
90,11,0,26,1,26_COP_04
90,15,0,26,1,26_COP_04
91,0,25,20,1,26_COP_07
91,2,50,20,1,26_COP_07
91,3,126,20,1,26_COP_07
91,4,525,20,1,26_COP_07
91,7,1820,20,1,26_COP_07
91,8,2730,20,1,26_COP_07
91,9,2275,20,1,26_COP_07
91,11,4330,20,1,26_COP_07
91,15,6020,20,1,26_COP_07
91,18,10815,20,1,26_COP_07
91,22,9940,20,1,26_COP_07
92,0,25,20,1,26_COP_07
92,2,44,20,1,26_COP_07
92,3,74,20,1,26_COP_07
92,4,280,20,1,26_COP_07
92,7,2380,20,1,26_COP_07
92,8,1050,20,1,26_COP_07
92,9,1750,20,1,26_COP_07
92,11,3185,20,1,26_COP_07
92,15,5670,20,1,26_COP_07
92,18,7735,20,1,26_COP_07
93,0,25,20,1,26_COP_07
93,2,26,20,1,26_COP_07
93,3,86,20,1,26_COP_07
93,4,420,20,1,26_COP_07
93,7,2030,20,1,26_COP_07
93,8,1190,20,1,26_COP_07
93,9,2485,20,1,26_COP_07
93,11,3010,20,1,26_COP_07
93,15,2310,20,1,26_COP_07
93,18,2065,20,1,26_COP_07
94,0,25,26,1,26_COP_07
94,2,34,26,1,26_COP_07
94,3,805,26,1,26_COP_07
94,4,1610,26,1,26_COP_07
94,7,3605,26,1,26_COP_07
94,8,2730,26,1,26_COP_07
94,9,4200,26,1,26_COP_07
94,11,2975,26,1,26_COP_07
94,15,5705,26,1,26_COP_07
94,18,6195,26,1,26_COP_07
94,22,8015,26,1,26_COP_07
94,24,9100,26,1,26_COP_07
95,0,25,26,1,26_COP_07
95,2,66,26,1,26_COP_07
95,3,1435,26,1,26_COP_07
95,4,2135,26,1,26_COP_07
95,7,3990,26,1,26_COP_07
95,8,4690,26,1,26_COP_07
95,9,7665,26,1,26_COP_07
95,11,4690,26,1,26_COP_07
95,15,12250,26,1,26_COP_07
95,18,16380,26,1,26_COP_07
95,22,24920,26,1,26_COP_07
95,24,12180,26,1,26_COP_07
96,0,25,26,1,26_COP_07
96,2,56,26,1,26_COP_07
96,3,1085,26,1,26_COP_07
96,4,3045,26,1,26_COP_07
96,7,2975,26,1,26_COP_07
96,8,3255,26,1,26_COP_07
96,9,4445,26,1,26_COP_07
96,11,7665,26,1,26_COP_07
96,15,9940,26,1,26_COP_07
96,18,9905,26,1,26_COP_07
96,22,21070,26,1,26_COP_07
96,24,11305,26,1,26_COP_07
