ID,fitted_k,fitted_r,env_temp,copepods,athome,tech_rep,names,tech_rep2,cell_vol,aspect_ratio,speed,mean_major,mean_minor,sd_turning
1,10467.349167920867,0.49178835760834166,20,0,1,1,20_NP_04,1,2.3335193848682907e6,1.870026638787851,330.745652173913,124.04634597434783,66.38341317043478,0.41826086956521735
2,2012.322523000096,0.6017665658438287,20,0,1,2,20_NP_04,2,2.3335193848682907e6,1.870026638787851,330.745652173913,124.04634597434783,66.38341317043478,0.41826086956521735
3,1853.0171125038592,0.8309153949601609,20,0,1,3,20_NP_04,3,2.3335193848682907e6,1.870026638787851,330.745652173913,124.04634597434783,66.38341317043478,0.41826086956521735
7,477.19633196953504,0.8852251229724284,20,0,1,1,20_NP_06,7,5.988554072225099e6,2.3298220001228422,352.36350000000004,197.53529387,84.83574519249999,0.371
8,788.7849981023732,0.8052185996548407,20,0,1,2,20_NP_06,8,5.988554072225099e6,2.3298220001228422,352.36350000000004,197.53529387,84.83574519249999,0.371
9,601.3036558190549,0.8384418505229365,20,0,1,3,20_NP_06,9,5.988554072225099e6,2.3298220001228422,352.36350000000004,197.53529387,84.83574519249999,0.371
13,1212.412839095226,0.4238466940005368,20,0,1,1,20_NP_07,13,5.418676053554116e6,2.5404911239778496,437.2666666666666,201.60958669523808,79.4241135095238,0.44761904761904764
14,388.1584567856165,0.5756665862700412,20,0,1,2,20_NP_07,14,5.418676053554116e6,2.5404911239778496,437.2666666666666,201.60958669523808,79.4241135095238,0.44761904761904764
15,401.8416673216159,0.32333444505587267,20,0,1,3,20_NP_07,15,5.418676053554116e6,2.5404911239778496,437.2666666666666,201.60958669523808,79.4241135095238,0.44761904761904764
19,3136.123708292102,0.7497008625650895,20,0,1,1,20_NP_08,19,2.417202197404317e6,2.1850640627248876,556.8699999999999,137.81415211818182,63.33822918727272,0.39272727272727276
20,1244.8833592146239,0.6424913437368661,20,0,1,2,20_NP_08,20,2.417202197404317e6,2.1850640627248876,556.8699999999999,137.81415211818182,63.33822918727272,0.39272727272727276
21,1671.8861636374922,0.546451437051577,20,0,1,3,20_NP_08,21,2.417202197404317e6,2.1850640627248876,556.8699999999999,137.81415211818182,63.33822918727272,0.39272727272727276
25,1485.9511084929277,0.9951980286473114,20,1,1,1,20_COP_02,25,8.153584667128812e6,2.5870739298841623,400.01071428571424,234.77349565714286,90.79449367285716,0.3892857142857143
26,4026.9072833628325,0.3175196487844321,20,1,1,2,20_COP_02,26,8.153584667128812e6,2.5870739298841623,400.01071428571424,234.77349565714286,90.79449367285716,0.3892857142857143
27,27404.935281833405,0.25782137456107834,20,1,1,3,20_COP_02,27,8.153584667128812e6,2.5870739298841623,400.01071428571424,234.77349565714286,90.79449367285716,0.3892857142857143
31,7036.007445010134,0.3563560760991663,20,1,1,1,20_COP_05,31,5.216317198738539e6,2.356539232040614,293.3668421052632,189.19155656842108,80.4557935705263,0.42526315789473684
32,1007.6400179040651,0.2631538828823134,20,1,1,2,20_COP_05,32,5.216317198738539e6,2.356539232040614,293.3668421052632,189.19155656842108,80.4557935705263,0.42526315789473684
33,1456.6787382964249,0.3721438041209122,20,1,1,3,20_COP_05,33,5.216317198738539e6,2.356539232040614,293.3668421052632,189.19155656842108,80.4557935705263,0.42526315789473684
37,1948.805042680059,0.8073098148712837,20,1,1,1,20_COP_07,37,6.881897138606826e6,2.4626782654525075,283.78,213.12523302999998,86.56560833099999,0.501
38,1902.2040486570393,0.9097029543331301,20,1,1,2,20_COP_07,38,6.881897138606826e6,2.4626782654525075,283.78,213.12523302999998,86.56560833099999,0.501
39,3576.109798859085,0.6005279214174829,20,1,1,3,20_COP_07,39,6.881897138606826e6,2.4626782654525075,283.78,213.12523302999998,86.56560833099999,0.501
43,3697.932428262028,0.7598115996254255,20,1,1,1,20_COP_08,43,6.366220398501324e6,2.4371972697248627,410.9276190476191,206.98444758095238,85.16397844952381,0.390952380952381
44,4463.534933090457,0.5174181650455838,20,1,1,2,20_COP_08,44,6.366220398501324e6,2.4371972697248627,410.9276190476191,206.98444758095238,85.16397844952381,0.390952380952381
45,2424.718175171218,0.7079347131869425,20,1,1,3,20_COP_08,45,6.366220398501324e6,2.4371972697248627,410.9276190476191,206.98444758095238,85.16397844952381,0.390952380952381
52,644.0486457245644,1.2069935296620815,26,0,1,1,26_NP_02,52,3.6344190236922414e6,1.9722679650301624,222.2295,146.06616616099998,73.35803374400001,0.4779999999999999
53,976.8279798192807,0.454309126807803,26,0,1,2,26_NP_02,53,3.6344190236922414e6,1.9722679650301624,222.2295,146.06616616099998,73.35803374400001,0.4779999999999999
54,1818.694815512379,0.8425486333608895,26,0,1,3,26_NP_02,54,3.6344190236922414e6,1.9722679650301624,222.2295,146.06616616099998,73.35803374400001,0.4779999999999999
58,5210.664763555146,1.4481692801958654,26,0,1,1,26_NP_05,58,5.726198734375464e6,2.2491639936636516,336.2464705882353,188.19680188235293,83.98534738411766,0.5470588235294118
59,14749.003449442775,0.3970166395250257,26,0,1,2,26_NP_05,59,5.726198734375464e6,2.2491639936636516,336.2464705882353,188.19680188235293,83.98534738411766,0.5470588235294118
60,4934.294786092535,1.2132411362206752,26,0,1,3,26_NP_05,60,5.726198734375464e6,2.2491639936636516,336.2464705882353,188.19680188235293,83.98534738411766,0.5470588235294118
64,10633.117614624509,0.5628526258986749,26,0,1,1,26_NP_07,64,4.766962694216066e6,2.409901378051805,291.6234615384615,186.42050135384608,77.29282822384616,0.5157692307692308
65,4361.705923839362,1.383950017539663,26,0,1,2,26_NP_07,65,4.766962694216066e6,2.409901378051805,291.6234615384615,186.42050135384608,77.29282822384616,0.5157692307692308
66,7083.760632482377,0.6579307961481564,26,0,1,3,26_NP_07,66,4.766962694216066e6,2.409901378051805,291.6234615384615,186.42050135384608,77.29282822384616,0.5157692307692308
70,2891.3052692124984,1.2716464881454665,26,0,1,1,26_NP_08,70,6.486300077455518e6,2.1982725249454655,254.80714285714285,194.64831989523813,88.64728389904761,0.4714285714285714
71,3374.717447298797,0.6449684597846065,26,0,1,2,26_NP_08,71,6.486300077455518e6,2.1982725249454655,254.80714285714285,194.64831989523813,88.64728389904761,0.4714285714285714
72,3538.1889269828075,0.9120254543280998,26,0,1,3,26_NP_08,72,6.486300077455518e6,2.1982725249454655,254.80714285714285,194.64831989523813,88.64728389904761,0.4714285714285714
76,1775.021574841689,0.9932547316105614,26,1,1,1,26_COP_01,76,5.609848899006618e6,2.1008900673952207,197.60095238095238,179.65159537142858,85.66780383047619,0.5495238095238096
77,12853.012288076594,0.484487685045254,26,1,1,2,26_COP_01,77,5.609848899006618e6,2.1008900673952207,197.60095238095238,179.65159537142858,85.66780383047619,0.5495238095238096
78,28008.94551197826,0.519655880033643,26,1,1,3,26_COP_01,78,5.609848899006618e6,2.1008900673952207,197.60095238095238,179.65159537142858,85.66780383047619,0.5495238095238096
82,5381.363366200396,0.613574971467828,26,1,1,1,26_COP_03,82,6.421331599445036e6,2.373429316628858,426.6339999999999,204.13673178000002,86.2510318755,0.4530000000000002
83,5800.880552149129,0.7092304512188469,26,1,1,2,26_COP_03,83,6.421331599445036e6,2.373429316628858,426.6339999999999,204.13673178000002,86.2510318755,0.4530000000000002
84,2970.6947774443674,1.4260414604560192,26,1,1,3,26_COP_03,84,6.421331599445036e6,2.373429316628858,426.6339999999999,204.13673178000002,86.2510318755,0.4530000000000002
94,7070.442297470188,0.6155735889767949,26,1,1,1,26_COP_07,94,5.516374741111903e6,2.3940531623345427,245.40952380952382,194.11129923333334,81.47107860142857,0.4895238095238096
95,17445.35324084291,0.5484322511824818,26,1,1,2,26_COP_07,95,5.516374741111903e6,2.3940531623345427,245.40952380952382,194.11129923333334,81.47107860142857,0.4895238095238096
96,13401.419655775955,0.6012393097305299,26,1,1,3,26_COP_07,96,5.516374741111903e6,2.3940531623345427,245.40952380952382,194.11129923333334,81.47107860142857,0.4895238095238096
